<?xml version="1.0" encoding="UTF-8" ?>
<?xml-stylesheet href="999000000000000001.xsl" type="text/xsl"?>
<DataRoot>
  <様式ID>999000000000000001</様式ID>
  <様式バージョン>0001</様式バージョン>
  <STYLESHEET>999000000000000001.xsl</STYLESHEET>
  <構成情報 ID="構成情報">
    <管理情報>
      <手続番号>
        <受付行政機関ID>1</受付行政機関ID>
        <手続ID>aaa</手続ID>
      </手続番号>
      <手続名称>あ</手続名称>
      <初回受付番号>aaa</初回受付番号>
      <申請種別>新規申請</申請種別>
      <申請者連絡先情報>
        <申請者情報>
          <氏名>あ</氏名>
          <氏名フリガナ>あ</氏名フリガナ>
          <役職>あ</役職>
          <法人団体名>あ</法人団体名>
          <法人団体名フリガナ>あ</法人団体名フリガナ>
          <部門名>あ</部門名>
          <部門名フリガナ>あ</部門名フリガナ>
          <郵便番号>x</郵便番号>
          <住所>あ</住所>
          <住所フリガナ>あ</住所フリガナ>
          <電話番号>x</電話番号>
          <FAX番号>x</FAX番号>
          <電子メールアドレス>x</電子メールアドレス>
        </申請者情報>
        <連絡先情報>
          <氏名>あ</氏名>
          <氏名フリガナ>あ</氏名フリガナ>
          <役職>あ</役職>
          <法人団体名>あ</法人団体名>
          <法人団体名フリガナ>あ</法人団体名フリガナ>
          <部門名>あ</部門名>
          <部門名フリガナ>あ</部門名フリガナ>
          <郵便番号>x</郵便番号>
          <住所>あ</住所>
          <住所フリガナ>あ</住所フリガナ>
          <電話番号>x</電話番号>
          <FAX番号>x</FAX番号>
          <電子メールアドレス>x</電子メールアドレス></連絡先情報>
        <委任登録票添付情報>
          <発行番号></発行番号>
          <委任登録票名称></委任登録票名称>
          <委任登録票ファイル名称></委任登録票ファイル名称>
        </委任登録票添付情報>
      </申請者連絡先情報>
    </管理情報>
    <添付書類属性情報>
      <添付種別>あ/x</添付種別>
      <添付書類名称>あ/x</添付書類名称>
      <添付書類ファイル名称>あ/x</添付書類ファイル名称>
      <提出情報>1</提出情報></添付書類属性情報>
    <手数料情報>
      <手数料1>
        <手数料識別子>aaa</手数料識別子>
        <略科目コード>1</略科目コード>
        <略科目名>あ</略科目名>
        <振込金額>1</振込金額>
      </手数料1>
      <手数料2>
        <手数料識別子>aaa</手数料識別子>
        <略科目コード>1</略科目コード>
        <略科目名>あ</略科目名>
        <振込金額>1</振込金額>
      </手数料2>
      <手数料3>
        <手数料識別子>aaa</手数料識別子>
        <略科目コード>1</略科目コード>
        <略科目名>あ</略科目名>
        <振込金額>1</振込金額>
      </手数料3>
      <手数料4>
        <手数料識別子>aaa</手数料識別子>
        <略科目コード>1</略科目コード>
        <略科目名>あ</略科目名>
        <振込金額>1</振込金額>
      </手数料4>
      <手数料5>
        <手数料識別子>aaa</手数料識別子>
        <略科目コード>1</略科目コード>
        <略科目名>あ</略科目名>
        <振込金額>1</振込金額>
      </手数料5>
      <手数料6>
        <手数料識別子>aaa</手数料識別子>
        <略科目コード>1</略科目コード>
        <略科目名>あ</略科目名>
        <振込金額>1</振込金額>
      </手数料6>
    </手数料情報>
    <通信欄></通信欄>
    <府省照会情報>
      <府省照会1>
        <府省照会情報ラベル></府省照会情報ラベル>
        <府省照会情報></府省照会情報>
      </府省照会1>
      <府省照会2>
        <府省照会情報ラベル></府省照会情報ラベル>
        <府省照会情報></府省照会情報>
      </府省照会2>
      <府省照会3>
        <府省照会情報ラベル></府省照会情報ラベル>
        <府省照会情報></府省照会情報>
      </府省照会3>
      <府省照会4>
        <府省照会情報ラベル></府省照会情報ラベル>
        <府省照会情報></府省照会情報>
      </府省照会4>
      <府省照会5>
        <府省照会情報ラベル></府省照会情報ラベル>
        <府省照会情報></府省照会情報>
      </府省照会5>
      <府省照会6>
        <府省照会情報ラベル></府省照会情報ラベル>
        <府省照会情報></府省照会情報>
      </府省照会6>
      <府省照会7>
        <府省照会情報ラベル></府省照会情報ラベル>
        <府省照会情報></府省照会情報>
      </府省照会7>
      <府省照会8>
        <府省照会情報ラベル></府省照会情報ラベル>
        <府省照会情報></府省照会情報>
      </府省照会8>
      <府省照会9>
        <府省照会情報ラベル></府省照会情報ラベル>
        <府省照会情報></府省照会情報>
      </府省照会9>
      <府省照会10>
        <府省照会情報ラベル></府省照会情報ラベル>
        <府省照会情報></府省照会情報>
      </府省照会10>
    <提出先情報>
      <提出先識別子></提出先識別子>
      <提出先名称></提出先名称>
    </提出先情報>
    <申請書属性情報>
      <申請書様式ID>aaa</申請書様式ID>
      <申請書様式バージョン>1</申請書様式バージョン>
      <申請書様式名称>あ</申請書様式名称>
      <申請書ファイル名称>x</申請書ファイル名称>
    </申請書属性情報>
  </構成情報>
  <署名情報>
    <Signature>
      <SignedInfo>
        <CanonicalizationMethod></CanonicalizationMethod>
        <SignatureMethod></SignatureMethod>
        <Reference>
          <Transforms></Transforms>
          <DigestMethod></DigestMethod>
          <DigestValue></DigestValue>
        </Reference>
      </SignedInfo>
      <SignatureValue></SignatureValue>
      <KeyInfo>
        <X509Data>
          <X509Certificate></X509Certificate>
        </X509Data>
      </KeyInfo>
    </Signature>
  </署名情報>
  <その他>
    <納付関連情報>
      <納付方法>1</納付方法>
      <振込者氏名カナ>あ</振込者氏名カナ>
    </納付関連情報>
  </その他>
</DataRoot>